Date,County,FIPS,Confirmed,Deaths
3/1/2020,New York City,0500000US36061,1,0
3/2/2020,New York City,0500000US36061,1,0
3/3/2020,New York City,0500000US36061,2,0
3/4/2020,New York City,0500000US36061,2,0
3/4/2020,Westchester,0500000US36119,9,0
3/5/2020,Nassau,0500000US36059,1,0
3/5/2020,New York City,0500000US36061,4,0
3/5/2020,Westchester,0500000US36119,17,0
3/6/2020,Nassau,0500000US36059,4,0
3/6/2020,New York City,0500000US36061,5,0
3/6/2020,Rockland,0500000US36087,2,0
3/6/2020,Westchester,0500000US36119,33,0
3/7/2020,Nassau,0500000US36059,4,0
3/7/2020,New York City,0500000US36061,12,0
3/7/2020,Rockland,0500000US36087,2,0
3/7/2020,Saratoga,0500000US36091,2,0
3/7/2020,Westchester,0500000US36119,69,0
3/8/2020,Nassau,0500000US36059,5,0
3/8/2020,New York City,0500000US36061,14,0
3/8/2020,Rockland,0500000US36087,2,0
3/8/2020,Saratoga,0500000US36091,2,0
3/8/2020,Suffolk,0500000US36103,1,0
3/8/2020,Ulster,0500000US36111,1,0
3/8/2020,Westchester,0500000US36119,81,0
3/9/2020,Nassau,0500000US36059,17,0
3/9/2020,New York City,0500000US36061,20,0
3/9/2020,Rockland,0500000US36087,4,0
3/9/2020,Saratoga,0500000US36091,2,0
3/9/2020,Suffolk,0500000US36103,1,0
3/9/2020,Ulster,0500000US36111,1,0
3/9/2020,Westchester,0500000US36119,97,0
3/10/2020,Nassau,0500000US36059,19,0
3/10/2020,New York City,0500000US36061,37,0
3/10/2020,Rockland,0500000US36087,6,0
3/10/2020,Saratoga,0500000US36091,2,0
3/10/2020,Suffolk,0500000US36103,1,0
3/10/2020,Ulster,0500000US36111,1,0
3/10/2020,Westchester,0500000US36119,107,0
3/11/2020,Monroe,0500000US36055,1,0
3/11/2020,Nassau,0500000US36059,28,0
3/11/2020,New York City,0500000US36061,52,0
3/11/2020,Rockland,0500000US36087,6,0
3/11/2020,Saratoga,0500000US36091,2,0
3/11/2020,Suffolk,0500000US36103,6,0
3/11/2020,Ulster,0500000US36111,2,0
3/11/2020,Westchester,0500000US36119,120,0
3/12/2020,Albany,0500000US36001,2,0
3/12/2020,Delaware,0500000US36025,1,0
3/12/2020,Dutchess,0500000US36027,1,0
3/12/2020,Herkimer,0500000US36043,1,0
3/12/2020,Monroe,0500000US36055,1,0
3/12/2020,Nassau,0500000US36059,41,0
3/12/2020,New York City,0500000US36061,96,0
3/12/2020,Orange,0500000US36071,1,0
3/12/2020,Rockland,0500000US36087,7,0
3/12/2020,Saratoga,0500000US36091,3,0
3/12/2020,Suffolk,0500000US36103,21,0
3/12/2020,Ulster,0500000US36111,4,0
3/12/2020,Westchester,0500000US36119,147,0
3/13/2020,Albany,0500000US36001,2,0
3/13/2020,Delaware,0500000US36025,1,0
3/13/2020,Dutchess,0500000US36027,3,0
3/13/2020,Herkimer,0500000US36043,1,0
3/13/2020,Monroe,0500000US36055,1,0
3/13/2020,Nassau,0500000US36059,51,0
3/13/2020,New York City,0500000US36061,155,0
3/13/2020,Orange,0500000US36071,3,0
3/13/2020,Rockland,0500000US36087,9,0
3/13/2020,Saratoga,0500000US36091,3,0
3/13/2020,Schenectady,0500000US36093,1,0
3/13/2020,Suffolk,0500000US36103,29,0
3/13/2020,Ulster,0500000US36111,5,0
3/13/2020,Westchester,0500000US36119,157,0
3/14/2020,Albany,0500000US36001,5,0
3/14/2020,Broome,0500000US36007,1,0
3/14/2020,Delaware,0500000US36025,1,0
3/14/2020,Dutchess,0500000US36027,4,0
3/14/2020,Herkimer,0500000US36043,1,0
3/14/2020,Monroe,0500000US36055,2,0
3/14/2020,Nassau,0500000US36059,79,0
3/14/2020,New York City,0500000US36061,269,1
3/14/2020,Orange,0500000US36071,6,0
3/14/2020,Rockland,0500000US36087,12,1
3/14/2020,Saratoga,0500000US36091,3,0
3/14/2020,Schenectady,0500000US36093,1,0
3/14/2020,Suffolk,0500000US36103,41,0
3/14/2020,Tioga,0500000US36107,1,0
3/14/2020,Tompkins,0500000US36109,1,0
3/14/2020,Ulster,0500000US36111,5,0
3/14/2020,Westchester,0500000US36119,178,0
3/15/2020,Albany,0500000US36001,11,0
3/15/2020,Broome,0500000US36007,1,0
3/15/2020,Delaware,0500000US36025,1,0
3/15/2020,Dutchess,0500000US36027,7,0
3/15/2020,Erie,0500000US36029,3,0
3/15/2020,Greene,0500000US36039,2,0
3/15/2020,Herkimer,0500000US36043,1,0
3/15/2020,Monroe,0500000US36055,2,0
3/15/2020,Montgomery,0500000US36057,1,0
3/15/2020,Nassau,0500000US36059,98,0
3/15/2020,New York City,0500000US36061,330,5
3/15/2020,Orange,0500000US36071,6,0
3/15/2020,Putnam,0500000US36079,2,0
3/15/2020,Rockland,0500000US36087,13,1
3/15/2020,Saratoga,0500000US36091,3,0
3/15/2020,Schenectady,0500000US36093,2,0
3/15/2020,Suffolk,0500000US36103,47,0
3/15/2020,Tioga,0500000US36107,1,0
3/15/2020,Tompkins,0500000US36109,1,0
3/15/2020,Ulster,0500000US36111,5,0
3/15/2020,Westchester,0500000US36119,195,0
3/16/2020,Albany,0500000US36001,12,0
3/16/2020,Allegany,0500000US36003,2,0
3/16/2020,Broome,0500000US36007,1,0
3/16/2020,Delaware,0500000US36025,1,0
3/16/2020,Dutchess,0500000US36027,10,0
3/16/2020,Erie,0500000US36029,6,0
3/16/2020,Greene,0500000US36039,2,0
3/16/2020,Herkimer,0500000US36043,1,0
3/16/2020,Monroe,0500000US36055,10,0
3/16/2020,Montgomery,0500000US36057,1,0
3/16/2020,Nassau,0500000US36059,109,0
3/16/2020,New York City,0500000US36061,464,7
3/16/2020,Onondaga,0500000US36067,1,0
3/16/2020,Ontario,0500000US36069,1,0
3/16/2020,Orange,0500000US36071,11,0
3/16/2020,Putnam,0500000US36079,2,0
3/16/2020,Rockland,0500000US36087,16,1
3/16/2020,Saratoga,0500000US36091,5,0
3/16/2020,Schenectady,0500000US36093,4,0
3/16/2020,Suffolk,0500000US36103,63,2
3/16/2020,Tioga,0500000US36107,1,0
3/16/2020,Tompkins,0500000US36109,1,0
3/16/2020,Ulster,0500000US36111,7,0
3/16/2020,Westchester,0500000US36119,219,0
3/17/2020,Albany,0500000US36001,23,0
3/17/2020,Allegany,0500000US36003,2,0
3/17/2020,Broome,0500000US36007,1,0
3/17/2020,Clinton,0500000US36019,1,0
3/17/2020,Delaware,0500000US36025,1,0
3/17/2020,Dutchess,0500000US36027,16,0
3/17/2020,Erie,0500000US36029,7,0
3/17/2020,Greene,0500000US36039,2,0
3/17/2020,Herkimer,0500000US36043,1,0
3/17/2020,Monroe,0500000US36055,11,0
3/17/2020,Montgomery,0500000US36057,1,0
3/17/2020,Nassau,0500000US36059,131,2
3/17/2020,New York City,0500000US36061,645,10
3/17/2020,Onondaga,0500000US36067,2,0
3/17/2020,Ontario,0500000US36069,1,0
3/17/2020,Orange,0500000US36071,15,0
3/17/2020,Putnam,0500000US36079,2,0
3/17/2020,Rensselaer,0500000US36083,1,0
3/17/2020,Rockland,0500000US36087,22,2
3/17/2020,Saratoga,0500000US36091,9,0
3/17/2020,Schenectady,0500000US36093,5,0
3/17/2020,Suffolk,0500000US36103,84,3
3/17/2020,Sullivan,0500000US36105,1,0
3/17/2020,Tioga,0500000US36107,1,0
3/17/2020,Tompkins,0500000US36109,1,0
3/17/2020,Ulster,0500000US36111,8,0
3/17/2020,Westchester,0500000US36119,379,0
3/17/2020,Wyoming,0500000US36121,1,0
3/18/2020,Albany,0500000US36001,36,0
3/18/2020,Allegany,0500000US36003,2,0
3/18/2020,Broome,0500000US36007,2,0
3/18/2020,Chenango,0500000US36017,1,0
3/18/2020,Clinton,0500000US36019,1,0
3/18/2020,Delaware,0500000US36025,1,0
3/18/2020,Dutchess,0500000US36027,20,0
3/18/2020,Erie,0500000US36029,7,0
3/18/2020,Essex,0500000US36031,1,0
3/18/2020,Greene,0500000US36039,2,0
3/18/2020,Hamilton,0500000US36041,1,0
3/18/2020,Herkimer,0500000US36043,1,0
3/18/2020,Jefferson,0500000US36045,1,0
3/18/2020,Livingston,0500000US36051,1,0
3/18/2020,Monroe,0500000US36055,14,0
3/18/2020,Montgomery,0500000US36057,1,0
3/18/2020,Nassau,0500000US36059,183,2
3/18/2020,New York City,0500000US36061,1339,20
3/18/2020,Onondaga,0500000US36067,2,0
3/18/2020,Ontario,0500000US36069,1,0
3/18/2020,Orange,0500000US36071,32,0
3/18/2020,Putnam,0500000US36079,2,0
3/18/2020,Rensselaer,0500000US36083,4,0
3/18/2020,Rockland,0500000US36087,30,2
3/18/2020,Saratoga,0500000US36091,14,0
3/18/2020,Schenectady,0500000US36093,14,0
3/18/2020,Suffolk,0500000US36103,116,3
3/18/2020,Sullivan,0500000US36105,1,0
3/18/2020,Tioga,0500000US36107,1,0
3/18/2020,Tompkins,0500000US36109,2,0
3/18/2020,Ulster,0500000US36111,9,0
3/18/2020,Warren,0500000US36113,1,0
3/18/2020,Washington,0500000US36115,1,0
3/18/2020,Westchester,0500000US36119,537,0
3/18/2020,Wyoming,0500000US36121,1,0
3/19/2020,Albany,0500000US36001,43,0
3/19/2020,Allegany,0500000US36003,2,0
3/19/2020,Broome,0500000US36007,2,0
3/19/2020,Chenango,0500000US36017,1,0
3/19/2020,Clinton,0500000US36019,1,0
3/19/2020,Delaware,0500000US36025,1,0
3/19/2020,Dutchess,0500000US36027,31,0
3/19/2020,Erie,0500000US36029,28,0
3/19/2020,Essex,0500000US36031,1,0
3/19/2020,Greene,0500000US36039,2,0
3/19/2020,Hamilton,0500000US36041,1,0
3/19/2020,Herkimer,0500000US36043,1,0
3/19/2020,Jefferson,0500000US36045,1,0
3/19/2020,Livingston,0500000US36051,1,0
3/19/2020,Monroe,0500000US36055,28,0
3/19/2020,Montgomery,0500000US36057,1,0
3/19/2020,Nassau,0500000US36059,382,3
3/19/2020,New York City,0500000US36061,2468,22
3/19/2020,Onondaga,0500000US36067,2,0
3/19/2020,Ontario,0500000US36069,1,0
3/19/2020,Orange,0500000US36071,51,0
3/19/2020,Putnam,0500000US36079,2,0
3/19/2020,Rensselaer,0500000US36083,4,0
3/19/2020,Rockland,0500000US36087,53,2
3/19/2020,Saratoga,0500000US36091,14,0
3/19/2020,Schenectady,0500000US36093,21,0
3/19/2020,Schoharie,0500000US36095,1,0
3/19/2020,Suffolk,0500000US36103,178,3
3/19/2020,Sullivan,0500000US36105,8,0
3/19/2020,Tioga,0500000US36107,1,0
3/19/2020,Tompkins,0500000US36109,7,0
3/19/2020,Ulster,0500000US36111,12,0
3/19/2020,Warren,0500000US36113,1,0
3/19/2020,Washington,0500000US36115,1,0
3/19/2020,Wayne,0500000US36117,1,0
3/19/2020,Westchester,0500000US36119,797,0
3/19/2020,Wyoming,0500000US36121,2,0
3/20/2020,Albany,0500000US36001,61,0
3/20/2020,Allegany,0500000US36003,2,0
3/20/2020,Broome,0500000US36007,2,0
3/20/2020,Chenango,0500000US36017,2,0
3/20/2020,Clinton,0500000US36019,2,0
3/20/2020,Columbia,0500000US36021,1,0
3/20/2020,Delaware,0500000US36025,1,0
3/20/2020,Dutchess,0500000US36027,36,0
3/20/2020,Erie,0500000US36029,31,0
3/20/2020,Essex,0500000US36031,1,0
3/20/2020,Fulton,0500000US36035,1,0
3/20/2020,Genesee,0500000US36037,1,0
3/20/2020,Greene,0500000US36039,2,0
3/20/2020,Hamilton,0500000US36041,2,0
3/20/2020,Herkimer,0500000US36043,2,0
3/20/2020,Jefferson,0500000US36045,1,0
3/20/2020,Livingston,0500000US36051,1,0
3/20/2020,Monroe,0500000US36055,32,0
3/20/2020,Montgomery,0500000US36057,2,0
3/20/2020,Nassau,0500000US36059,754,4
3/20/2020,New York City,0500000US36061,4408,43
3/20/2020,Niagara,0500000US36063,3,0
3/20/2020,Oneida,0500000US36065,2,0
3/20/2020,Onondaga,0500000US36067,8,0
3/20/2020,Ontario,0500000US36069,3,0
3/20/2020,Orange,0500000US36071,84,0
3/20/2020,Putnam,0500000US36079,7,0
3/20/2020,Rensselaer,0500000US36083,8,0
3/20/2020,Rockland,0500000US36087,101,3
3/20/2020,Saratoga,0500000US36091,24,0
3/20/2020,Schenectady,0500000US36093,21,0
3/20/2020,Schoharie,0500000US36095,1,0
3/20/2020,Suffolk,0500000US36103,371,7
3/20/2020,Sullivan,0500000US36105,8,0
3/20/2020,Tioga,0500000US36107,1,0
3/20/2020,Tompkins,0500000US36109,7,0
3/20/2020,Ulster,0500000US36111,12,0
3/20/2020,Warren,0500000US36113,1,0
3/20/2020,Washington,0500000US36115,1,0
3/20/2020,Wayne,0500000US36117,1,0
3/20/2020,Westchester,0500000US36119,1091,0
3/20/2020,Wyoming,0500000US36121,2,0
3/21/2020,Albany,0500000US36001,88,0
3/21/2020,Allegany,0500000US36003,2,0
3/21/2020,Broome,0500000US36007,2,1
3/21/2020,Chenango,0500000US36017,2,0
3/21/2020,Clinton,0500000US36019,4,0
3/21/2020,Columbia,0500000US36021,2,0
3/21/2020,Delaware,0500000US36025,1,0
3/21/2020,Dutchess,0500000US36027,49,0
3/21/2020,Erie,0500000US36029,38,0
3/21/2020,Essex,0500000US36031,2,0
3/21/2020,Fulton,0500000US36035,1,0
3/21/2020,Genesee,0500000US36037,1,0
3/21/2020,Greene,0500000US36039,2,0
3/21/2020,Hamilton,0500000US36041,2,0
3/21/2020,Herkimer,0500000US36043,3,0
3/21/2020,Jefferson,0500000US36045,1,0
3/21/2020,Livingston,0500000US36051,2,0
3/21/2020,Monroe,0500000US36055,42,0
3/21/2020,Montgomery,0500000US36057,3,0
3/21/2020,Nassau,0500000US36059,1234,7
3/21/2020,New York City,0500000US36061,6211,60
3/21/2020,Niagara,0500000US36063,4,0
3/21/2020,Oneida,0500000US36065,4,0
3/21/2020,Onondaga,0500000US36067,17,0
3/21/2020,Ontario,0500000US36069,4,0
3/21/2020,Orange,0500000US36071,163,0
3/21/2020,Putnam,0500000US36079,22,0
3/21/2020,Rensselaer,0500000US36083,20,0
3/21/2020,Rockland,0500000US36087,262,3
3/21/2020,Saratoga,0500000US36091,35,0
3/21/2020,Schenectady,0500000US36093,32,0
3/21/2020,Schoharie,0500000US36095,1,0
3/21/2020,Steuben,0500000US36101,2,0
3/21/2020,Suffolk,0500000US36103,662,9
3/21/2020,Sullivan,0500000US36105,12,0
3/21/2020,Tioga,0500000US36107,1,0
3/21/2020,Tompkins,0500000US36109,11,0
3/21/2020,Ulster,0500000US36111,18,0
3/21/2020,Warren,0500000US36113,1,0
3/21/2020,Washington,0500000US36115,1,0
3/21/2020,Wayne,0500000US36117,3,0
3/21/2020,Westchester,0500000US36119,1387,0
3/21/2020,Wyoming,0500000US36121,2,0
3/22/2020,Albany,0500000US36001,123,0
3/22/2020,Allegany,0500000US36003,2,0
3/22/2020,Broome,0500000US36007,3,1
3/22/2020,Chenango,0500000US36017,3,0
3/22/2020,Clinton,0500000US36019,4,0
3/22/2020,Columbia,0500000US36021,5,0
3/22/2020,Cortland,0500000US36023,1,0
3/22/2020,Delaware,0500000US36025,3,0
3/22/2020,Dutchess,0500000US36027,82,0
3/22/2020,Erie,0500000US36029,54,0
3/22/2020,Essex,0500000US36031,3,0
3/22/2020,Fulton,0500000US36035,1,0
3/22/2020,Genesee,0500000US36037,1,0
3/22/2020,Greene,0500000US36039,2,0
3/22/2020,Hamilton,0500000US36041,2,0
3/22/2020,Herkimer,0500000US36043,4,0
3/22/2020,Jefferson,0500000US36045,1,0
3/22/2020,Livingston,0500000US36051,2,0
3/22/2020,Madison,0500000US36053,1,0
3/22/2020,Monroe,0500000US36055,57,0
3/22/2020,Montgomery,0500000US36057,3,0
3/22/2020,Nassau,0500000US36059,1900,7
3/22/2020,New York City,0500000US36061,9045,99
3/22/2020,Niagara,0500000US36063,6,0
3/22/2020,Oneida,0500000US36065,5,0
3/22/2020,Onondaga,0500000US36067,29,0
3/22/2020,Ontario,0500000US36069,6,0
3/22/2020,Orange,0500000US36071,247,0
3/22/2020,Putnam,0500000US36079,37,0
3/22/2020,Rensselaer,0500000US36083,26,0
3/22/2020,Rockland,0500000US36087,455,3
3/22/2020,Saratoga,0500000US36091,41,0
3/22/2020,Schenectady,0500000US36093,39,0
3/22/2020,Schoharie,0500000US36095,1,0
3/22/2020,St. Lawrence,0500000US36089,1,0
3/22/2020,Steuben,0500000US36101,3,0
3/22/2020,Suffolk,0500000US36103,1034,12
3/22/2020,Sullivan,0500000US36105,16,0
3/22/2020,Tioga,0500000US36107,1,0
3/22/2020,Tompkins,0500000US36109,13,0
3/22/2020,Ulster,0500000US36111,26,0
3/22/2020,Warren,0500000US36113,1,0
3/22/2020,Washington,0500000US36115,1,0
3/22/2020,Wayne,0500000US36117,3,0
3/22/2020,Westchester,0500000US36119,1873,0
3/22/2020,Wyoming,0500000US36121,2,0
3/23/2020,Albany,0500000US36001,127,0
3/23/2020,Allegany,0500000US36003,2,0
3/23/2020,Broome,0500000US36007,7,1
3/23/2020,Cayuga,0500000US36011,2,0
3/23/2020,Chenango,0500000US36017,3,0
3/23/2020,Clinton,0500000US36019,6,0
3/23/2020,Columbia,0500000US36021,10,0
3/23/2020,Cortland,0500000US36023,2,0
3/23/2020,Delaware,0500000US36025,3,0
3/23/2020,Dutchess,0500000US36027,100,0
3/23/2020,Erie,0500000US36029,87,0
3/23/2020,Essex,0500000US36031,3,0
3/23/2020,Fulton,0500000US36035,1,0
3/23/2020,Genesee,0500000US36037,1,0
3/23/2020,Greene,0500000US36039,4,0
3/23/2020,Hamilton,0500000US36041,2,0
3/23/2020,Herkimer,0500000US36043,4,0
3/23/2020,Jefferson,0500000US36045,2,0
3/23/2020,Livingston,0500000US36051,3,0
3/23/2020,Madison,0500000US36053,4,0
3/23/2020,Monroe,0500000US36055,76,0
3/23/2020,Montgomery,0500000US36057,3,0
3/23/2020,Nassau,0500000US36059,2442,9
3/23/2020,New York City,0500000US36061,12305,131
3/23/2020,Niagara,0500000US36063,10,0
3/23/2020,Oneida,0500000US36065,7,0
3/23/2020,Onondaga,0500000US36067,52,0
3/23/2020,Ontario,0500000US36069,6,0
3/23/2020,Orange,0500000US36071,389,0
3/23/2020,Oswego,0500000US36075,1,0
3/23/2020,Otsego,0500000US36077,1,0
3/23/2020,Putnam,0500000US36079,45,0
3/23/2020,Rensselaer,0500000US36083,29,0
3/23/2020,Rockland,0500000US36087,592,5
3/23/2020,Saratoga,0500000US36091,53,0
3/23/2020,Schenectady,0500000US36093,44,0
3/23/2020,Schoharie,0500000US36095,1,0
3/23/2020,St. Lawrence,0500000US36089,1,0
3/23/2020,Steuben,0500000US36101,4,0
3/23/2020,Suffolk,0500000US36103,1458,13
3/23/2020,Sullivan,0500000US36105,23,0
3/23/2020,Tioga,0500000US36107,1,0
3/23/2020,Tompkins,0500000US36109,15,0
3/23/2020,Ulster,0500000US36111,35,0
3/23/2020,Warren,0500000US36113,2,0
3/23/2020,Washington,0500000US36115,3,0
3/23/2020,Wayne,0500000US36117,6,0
3/23/2020,Westchester,0500000US36119,2894,0
3/23/2020,Wyoming,0500000US36121,4,0
3/24/2020,Albany,0500000US36001,146,0
3/24/2020,Allegany,0500000US36003,2,0
3/24/2020,Broome,0500000US36007,9,1
3/24/2020,Cayuga,0500000US36011,2,0
3/24/2020,Chemung,0500000US36015,1,0
3/24/2020,Chenango,0500000US36017,3,0
3/24/2020,Clinton,0500000US36019,8,0
3/24/2020,Columbia,0500000US36021,11,0
3/24/2020,Cortland,0500000US36023,2,0
3/24/2020,Delaware,0500000US36025,3,0
3/24/2020,Dutchess,0500000US36027,124,0
3/24/2020,Erie,0500000US36029,107,0
3/24/2020,Essex,0500000US36031,3,0
3/24/2020,Fulton,0500000US36035,1,0
3/24/2020,Genesee,0500000US36037,1,0
3/24/2020,Greene,0500000US36039,4,0
3/24/2020,Hamilton,0500000US36041,2,0
3/24/2020,Herkimer,0500000US36043,4,0
3/24/2020,Jefferson,0500000US36045,2,0
3/24/2020,Livingston,0500000US36051,3,0
3/24/2020,Madison,0500000US36053,5,0
3/24/2020,Monroe,0500000US36055,96,0
3/24/2020,Montgomery,0500000US36057,3,0
3/24/2020,Nassau,0500000US36059,2869,9
3/24/2020,New York City,0500000US36061,14905,192
3/24/2020,Niagara,0500000US36063,11,0
3/24/2020,Oneida,0500000US36065,8,0
3/24/2020,Onondaga,0500000US36067,60,0
3/24/2020,Ontario,0500000US36069,7,0
3/24/2020,Orange,0500000US36071,498,0
3/24/2020,Orleans,0500000US36073,2,0
3/24/2020,Oswego,0500000US36075,2,0
3/24/2020,Otsego,0500000US36077,1,0
3/24/2020,Putnam,0500000US36079,67,0
3/24/2020,Rensselaer,0500000US36083,30,0
3/24/2020,Rockland,0500000US36087,671,5
3/24/2020,Saratoga,0500000US36091,60,0
3/24/2020,Schenectady,0500000US36093,46,0
3/24/2020,Schoharie,0500000US36095,1,0
3/24/2020,St. Lawrence,0500000US36089,1,0
3/24/2020,Steuben,0500000US36101,5,0
3/24/2020,Suffolk,0500000US36103,1880,13
3/24/2020,Sullivan,0500000US36105,30,0
3/24/2020,Tioga,0500000US36107,1,0
3/24/2020,Tompkins,0500000US36109,16,0
3/24/2020,Ulster,0500000US36111,47,0
3/24/2020,Warren,0500000US36113,2,0
3/24/2020,Washington,0500000US36115,3,0
3/24/2020,Wayne,0500000US36117,6,0
3/24/2020,Westchester,0500000US36119,3891,6
3/24/2020,Wyoming,0500000US36121,4,0
3/25/2020,Albany,0500000US36001,152,0
3/25/2020,Allegany,0500000US36003,2,0
3/25/2020,Broome,0500000US36007,11,1
3/25/2020,Cayuga,0500000US36011,2,0
3/25/2020,Chautauqua,0500000US36013,1,0
3/25/2020,Chemung,0500000US36015,1,0
3/25/2020,Chenango,0500000US36017,3,0
3/25/2020,Clinton,0500000US36019,10,0
3/25/2020,Columbia,0500000US36021,12,0
3/25/2020,Cortland,0500000US36023,2,0
3/25/2020,Delaware,0500000US36025,5,0
3/25/2020,Dutchess,0500000US36027,153,0
3/25/2020,Erie,0500000US36029,122,0
3/25/2020,Essex,0500000US36031,4,0
3/25/2020,Franklin,0500000US36033,1,0
3/25/2020,Fulton,0500000US36035,1,0
3/25/2020,Genesee,0500000US36037,2,0
3/25/2020,Greene,0500000US36039,4,0
3/25/2020,Hamilton,0500000US36041,2,0
3/25/2020,Herkimer,0500000US36043,5,0
3/25/2020,Jefferson,0500000US36045,2,0
3/25/2020,Livingston,0500000US36051,3,0
3/25/2020,Madison,0500000US36053,7,0
3/25/2020,Monroe,0500000US36055,118,0
3/25/2020,Montgomery,0500000US36057,4,0
3/25/2020,Nassau,0500000US36059,3285,17
3/25/2020,New York City,0500000US36061,20011,280
3/25/2020,Niagara,0500000US36063,12,0
3/25/2020,Oneida,0500000US36065,9,0
3/25/2020,Onondaga,0500000US36067,65,0
3/25/2020,Ontario,0500000US36069,9,0
3/25/2020,Orange,0500000US36071,638,0
3/25/2020,Orleans,0500000US36073,2,0
3/25/2020,Oswego,0500000US36075,2,0
3/25/2020,Otsego,0500000US36077,2,0
3/25/2020,Putnam,0500000US36079,84,0
3/25/2020,Rensselaer,0500000US36083,31,0
3/25/2020,Rockland,0500000US36087,1069,7
3/25/2020,Saratoga,0500000US36091,64,0
3/25/2020,Schenectady,0500000US36093,55,0
3/25/2020,Schoharie,0500000US36095,2,0
3/25/2020,St. Lawrence,0500000US36089,1,0
3/25/2020,Steuben,0500000US36101,8,0
3/25/2020,Suffolk,0500000US36103,2260,20
3/25/2020,Sullivan,0500000US36105,39,0
3/25/2020,Tioga,0500000US36107,1,0
3/25/2020,Tompkins,0500000US36109,16,0
3/25/2020,Ulster,0500000US36111,65,0
3/25/2020,Warren,0500000US36113,2,0
3/25/2020,Washington,0500000US36115,4,0
3/25/2020,Wayne,0500000US36117,7,0
3/25/2020,Westchester,0500000US36119,4691,6
3/25/2020,Wyoming,0500000US36121,4,0
3/26/2020,Albany,0500000US36001,171,0
3/26/2020,Allegany,0500000US36003,2,0
3/26/2020,Broome,0500000US36007,16,2
3/26/2020,Cayuga,0500000US36011,2,0
3/26/2020,Chautauqua,0500000US36013,1,0
3/26/2020,Chemung,0500000US36015,7,0
3/26/2020,Chenango,0500000US36017,3,0
3/26/2020,Clinton,0500000US36019,11,0
3/26/2020,Columbia,0500000US36021,13,0
3/26/2020,Cortland,0500000US36023,2,0
3/26/2020,Delaware,0500000US36025,7,0
3/26/2020,Dutchess,0500000US36027,190,2
3/26/2020,Erie,0500000US36029,134,2
3/26/2020,Essex,0500000US36031,4,0
3/26/2020,Franklin,0500000US36033,1,0
3/26/2020,Fulton,0500000US36035,1,0
3/26/2020,Genesee,0500000US36037,4,0
3/26/2020,Greene,0500000US36039,5,0
3/26/2020,Hamilton,0500000US36041,2,0
3/26/2020,Herkimer,0500000US36043,7,0
3/26/2020,Jefferson,0500000US36045,3,0
3/26/2020,Livingston,0500000US36051,3,0
3/26/2020,Madison,0500000US36053,9,0
3/26/2020,Monroe,0500000US36055,139,3
3/26/2020,Montgomery,0500000US36057,5,0
3/26/2020,Nassau,0500000US36059,3914,19
3/26/2020,New York City,0500000US36061,23112,365
3/26/2020,Niagara,0500000US36063,14,0
3/26/2020,Oneida,0500000US36065,13,0
3/26/2020,Onondaga,0500000US36067,83,0
3/26/2020,Ontario,0500000US36069,11,0
3/26/2020,Orange,0500000US36071,751,2
3/26/2020,Orleans,0500000US36073,2,0
3/26/2020,Oswego,0500000US36075,4,0
3/26/2020,Otsego,0500000US36077,3,0
3/26/2020,Putnam,0500000US36079,94,0
3/26/2020,Rensselaer,0500000US36083,32,0
3/26/2020,Rockland,0500000US36087,1197,7
3/26/2020,Saratoga,0500000US36091,73,0
3/26/2020,Schenectady,0500000US36093,62,0
3/26/2020,Schoharie,0500000US36095,2,0
3/26/2020,St. Lawrence,0500000US36089,2,0
3/26/2020,Steuben,0500000US36101,11,0
3/26/2020,Suffolk,0500000US36103,2735,22
3/26/2020,Sullivan,0500000US36105,53,0
3/26/2020,Tioga,0500000US36107,2,0
3/26/2020,Tompkins,0500000US36109,22,0
3/26/2020,Ulster,0500000US36111,89,0
3/26/2020,Warren,0500000US36113,2,0
3/26/2020,Washington,0500000US36115,4,0
3/26/2020,Wayne,0500000US36117,8,0
3/26/2020,Westchester,0500000US36119,5944,8
3/26/2020,Wyoming,0500000US36121,7,0
3/27/2020,Albany,0500000US36001,187,0
3/27/2020,Allegany,0500000US36003,2,0
3/27/2020,Broome,0500000US36007,18,3
3/27/2020,Cayuga,0500000US36011,2,0
3/27/2020,Chautauqua,0500000US36013,1,0
3/27/2020,Chemung,0500000US36015,11,0
3/27/2020,Chenango,0500000US36017,4,0
3/27/2020,Clinton,0500000US36019,11,0
3/27/2020,Columbia,0500000US36021,20,0
3/27/2020,Cortland,0500000US36023,4,0
3/27/2020,Delaware,0500000US36025,8,0
3/27/2020,Dutchess,0500000US36027,225,2
3/27/2020,Erie,0500000US36029,219,6
3/27/2020,Essex,0500000US36031,4,0
3/27/2020,Franklin,0500000US36033,2,0
3/27/2020,Fulton,0500000US36035,1,0
3/27/2020,Genesee,0500000US36037,6,0
3/27/2020,Greene,0500000US36039,6,0
3/27/2020,Hamilton,0500000US36041,2,0
3/27/2020,Herkimer,0500000US36043,9,0
3/27/2020,Jefferson,0500000US36045,3,0
3/27/2020,Livingston,0500000US36051,3,0
3/27/2020,Madison,0500000US36053,17,0
3/27/2020,Monroe,0500000US36055,160,4
3/27/2020,Montgomery,0500000US36057,5,0
3/27/2020,Nassau,0500000US36059,4657,27
3/27/2020,New York City,0500000US36061,25399,450
3/27/2020,Niagara,0500000US36063,23,0
3/27/2020,Oneida,0500000US36065,13,0
3/27/2020,Onondaga,0500000US36067,115,0
3/27/2020,Ontario,0500000US36069,14,0
3/27/2020,Orange,0500000US36071,910,3
3/27/2020,Orleans,0500000US36073,3,0
3/27/2020,Oswego,0500000US36075,4,0
3/27/2020,Otsego,0500000US36077,5,0
3/27/2020,Putnam,0500000US36079,111,0
3/27/2020,Rensselaer,0500000US36083,35,0
3/27/2020,Rockland,0500000US36087,1457,8
3/27/2020,Saratoga,0500000US36091,82,0
3/27/2020,Schenectady,0500000US36093,66,0
3/27/2020,Schoharie,0500000US36095,3,0
3/27/2020,St. Lawrence,0500000US36089,3,0
3/27/2020,Steuben,0500000US36101,12,0
3/27/2020,Suffolk,0500000US36103,3385,22
3/27/2020,Sullivan,0500000US36105,64,0
3/27/2020,Tioga,0500000US36107,2,0
3/27/2020,Tompkins,0500000US36109,26,0
3/27/2020,Ulster,0500000US36111,98,0
3/27/2020,Warren,0500000US36113,8,0
3/27/2020,Washington,0500000US36115,6,0
3/27/2020,Wayne,0500000US36117,11,0
3/27/2020,Westchester,0500000US36119,7187,10
3/27/2020,Wyoming,0500000US36121,7,0
3/28/2020,Albany,0500000US36001,195,1
3/28/2020,Allegany,0500000US36003,2,0
3/28/2020,Broome,0500000US36007,23,3
3/28/2020,Cattaraugus,0500000US36009,1,0
3/28/2020,Cayuga,0500000US36011,2,0
3/28/2020,Chautauqua,0500000US36013,5,0
3/28/2020,Chemung,0500000US36015,12,0
3/28/2020,Chenango,0500000US36017,8,0
3/28/2020,Clinton,0500000US36019,12,0
3/28/2020,Columbia,0500000US36021,22,0
3/28/2020,Cortland,0500000US36023,5,0
3/28/2020,Delaware,0500000US36025,8,0
3/28/2020,Dutchess,0500000US36027,262,2
3/28/2020,Erie,0500000US36029,354,6
3/28/2020,Essex,0500000US36031,4,0
3/28/2020,Franklin,0500000US36033,4,0
3/28/2020,Fulton,0500000US36035,1,0
3/28/2020,Genesee,0500000US36037,7,0
3/28/2020,Greene,0500000US36039,7,0
3/28/2020,Hamilton,0500000US36041,2,0
3/28/2020,Herkimer,0500000US36043,9,0
3/28/2020,Jefferson,0500000US36045,6,0
3/28/2020,Livingston,0500000US36051,5,0
3/28/2020,Madison,0500000US36053,19,0
3/28/2020,Monroe,0500000US36055,202,5
3/28/2020,Montgomery,0500000US36057,5,0
3/28/2020,Nassau,0500000US36059,5537,35
3/28/2020,New York City,0500000US36061,30766,672
3/28/2020,Niagara,0500000US36063,33,0
3/28/2020,Oneida,0500000US36065,23,0
3/28/2020,Onondaga,0500000US36067,129,0
3/28/2020,Ontario,0500000US36069,16,0
3/28/2020,Orange,0500000US36071,1101,3
3/28/2020,Orleans,0500000US36073,3,0
3/28/2020,Oswego,0500000US36075,7,0
3/28/2020,Otsego,0500000US36077,7,0
3/28/2020,Putnam,0500000US36079,131,0
3/28/2020,Rensselaer,0500000US36083,38,0
3/28/2020,Rockland,0500000US36087,1896,8
3/28/2020,Saratoga,0500000US36091,96,0
3/28/2020,Schenectady,0500000US36093,72,0
3/28/2020,Schoharie,0500000US36095,5,0
3/28/2020,Schuyler,0500000US36097,1,0
3/28/2020,St. Lawrence,0500000US36089,8,0
3/28/2020,Steuben,0500000US36101,13,0
3/28/2020,Suffolk,0500000US36103,4138,37
3/28/2020,Sullivan,0500000US36105,72,0
3/28/2020,Tioga,0500000US36107,4,0
3/28/2020,Tompkins,0500000US36109,45,0
3/28/2020,Ulster,0500000US36111,128,0
3/28/2020,Warren,0500000US36113,13,0
3/28/2020,Washington,0500000US36115,6,0
3/28/2020,Wayne,0500000US36117,12,0
3/28/2020,Westchester,0500000US36119,7875,10
3/28/2020,Wyoming,0500000US36121,7,0
3/29/2020,Albany,0500000US36001,205,1
3/29/2020,Allegany,0500000US36003,6,0
3/29/2020,Broome,0500000US36007,29,3
3/29/2020,Cattaraugus,0500000US36009,4,0
3/29/2020,Cayuga,0500000US36011,2,0
3/29/2020,Chautauqua,0500000US36013,5,0
3/29/2020,Chemung,0500000US36015,15,0
3/29/2020,Chenango,0500000US36017,15,0
3/29/2020,Clinton,0500000US36019,13,0
3/29/2020,Columbia,0500000US36021,23,1
3/29/2020,Cortland,0500000US36023,6,0
3/29/2020,Delaware,0500000US36025,8,0
3/29/2020,Dutchess,0500000US36027,320,2
3/29/2020,Erie,0500000US36029,380,6
3/29/2020,Essex,0500000US36031,4,0
3/29/2020,Franklin,0500000US36033,6,0
3/29/2020,Fulton,0500000US36035,1,0
3/29/2020,Genesee,0500000US36037,9,0
3/29/2020,Greene,0500000US36039,7,0
3/29/2020,Hamilton,0500000US36041,2,0
3/29/2020,Herkimer,0500000US36043,10,0
3/29/2020,Jefferson,0500000US36045,7,0
3/29/2020,Lewis,0500000US36049,2,0
3/29/2020,Livingston,0500000US36051,10,0
3/29/2020,Madison,0500000US36053,24,0
3/29/2020,Monroe,0500000US36055,219,6
3/29/2020,Montgomery,0500000US36057,6,0
3/29/2020,Nassau,0500000US36059,6445,39
3/29/2020,New York City,0500000US36061,33768,776
3/29/2020,Niagara,0500000US36063,38,0
3/29/2020,Oneida,0500000US36065,26,0
3/29/2020,Onondaga,0500000US36067,152,0
3/29/2020,Ontario,0500000US36069,18,0
3/29/2020,Orange,0500000US36071,1247,3
3/29/2020,Orleans,0500000US36073,3,0
3/29/2020,Oswego,0500000US36075,8,0
3/29/2020,Otsego,0500000US36077,10,0
3/29/2020,Putnam,0500000US36079,144,0
3/29/2020,Rensselaer,0500000US36083,39,0
3/29/2020,Rockland,0500000US36087,2209,8
3/29/2020,Saratoga,0500000US36091,102,1
3/29/2020,Schenectady,0500000US36093,76,0
3/29/2020,Schoharie,0500000US36095,5,0
3/29/2020,Schuyler,0500000US36097,1,0
3/29/2020,St. Lawrence,0500000US36089,12,0
3/29/2020,Steuben,0500000US36101,17,0
3/29/2020,Suffolk,0500000US36103,5023,40
3/29/2020,Sullivan,0500000US36105,88,0
3/29/2020,Tioga,0500000US36107,4,0
3/29/2020,Tompkins,0500000US36109,52,0
3/29/2020,Ulster,0500000US36111,179,1
3/29/2020,Warren,0500000US36113,18,0
3/29/2020,Washington,0500000US36115,7,0
3/29/2020,Wayne,0500000US36117,12,0
3/29/2020,Westchester,0500000US36119,8519,10
3/29/2020,Wyoming,0500000US36121,8,0
3/30/2020,Albany,0500000US36001,217,1
3/30/2020,Allegany,0500000US36003,7,0
3/30/2020,Broome,0500000US36007,35,3
3/30/2020,Cattaraugus,0500000US36009,6,0
3/30/2020,Cayuga,0500000US36011,3,0
3/30/2020,Chautauqua,0500000US36013,5,0
3/30/2020,Chemung,0500000US36015,15,0
3/30/2020,Chenango,0500000US36017,17,0
3/30/2020,Clinton,0500000US36019,17,0
3/30/2020,Columbia,0500000US36021,26,1
3/30/2020,Cortland,0500000US36023,8,0
3/30/2020,Delaware,0500000US36025,11,0
3/30/2020,Dutchess,0500000US36027,392,3
3/30/2020,Erie,0500000US36029,443,8
3/30/2020,Essex,0500000US36031,5,0
3/30/2020,Franklin,0500000US36033,6,0
3/30/2020,Fulton,0500000US36035,1,0
3/30/2020,Genesee,0500000US36037,9,0
3/30/2020,Greene,0500000US36039,10,0
3/30/2020,Hamilton,0500000US36041,2,0
3/30/2020,Herkimer,0500000US36043,12,2
3/30/2020,Jefferson,0500000US36045,11,0
3/30/2020,Lewis,0500000US36049,2,0
3/30/2020,Livingston,0500000US36051,12,0
3/30/2020,Madison,0500000US36053,34,0
3/30/2020,Monroe,0500000US36055,242,6
3/30/2020,Montgomery,0500000US36057,6,0
3/30/2020,Nassau,0500000US36059,7344,48
3/30/2020,New York City,0500000US36061,38087,914
3/30/2020,Niagara,0500000US36063,41,0
3/30/2020,Oneida,0500000US36065,34,0
3/30/2020,Onondaga,0500000US36067,180,0
3/30/2020,Ontario,0500000US36069,20,0
3/30/2020,Orange,0500000US36071,1435,3
3/30/2020,Orleans,0500000US36073,4,0
3/30/2020,Oswego,0500000US36075,14,0
3/30/2020,Otsego,0500000US36077,17,0
3/30/2020,Putnam,0500000US36079,167,0
3/30/2020,Rensselaer,0500000US36083,40,0
3/30/2020,Rockland,0500000US36087,2511,8
3/30/2020,Saratoga,0500000US36091,105,1
3/30/2020,Schenectady,0500000US36093,80,0
3/30/2020,Schoharie,0500000US36095,6,0
3/30/2020,Schuyler,0500000US36097,2,0
3/30/2020,St. Lawrence,0500000US36089,13,0
3/30/2020,Steuben,0500000US36101,19,0
3/30/2020,Suffolk,0500000US36103,5791,44
3/30/2020,Sullivan,0500000US36105,101,0
3/30/2020,Tioga,0500000US36107,4,0
3/30/2020,Tompkins,0500000US36109,66,0
3/30/2020,Ulster,0500000US36111,207,1
3/30/2020,Warren,0500000US36113,18,0
3/30/2020,Washington,0500000US36115,7,0
3/30/2020,Wayne,0500000US36117,15,0
3/30/2020,Westchester,0500000US36119,9326,19
3/30/2020,Wyoming,0500000US36121,8,0
3/31/2020,Albany,0500000US36001,226,1
3/31/2020,Allegany,0500000US36003,7,0
3/31/2020,Broome,0500000US36007,38,3
3/31/2020,Cattaraugus,0500000US36009,6,0
3/31/2020,Cayuga,0500000US36011,3,0
3/31/2020,Chautauqua,0500000US36013,6,0
3/31/2020,Chemung,0500000US36015,20,0
3/31/2020,Chenango,0500000US36017,19,0
3/31/2020,Clinton,0500000US36019,21,0
3/31/2020,Columbia,0500000US36021,36,1
3/31/2020,Cortland,0500000US36023,8,0
3/31/2020,Delaware,0500000US36025,16,0
3/31/2020,Dutchess,0500000US36027,484,4
3/31/2020,Erie,0500000US36029,438,8
3/31/2020,Essex,0500000US36031,5,0
3/31/2020,Franklin,0500000US36033,9,0
3/31/2020,Fulton,0500000US36035,1,0
3/31/2020,Genesee,0500000US36037,10,0
3/31/2020,Greene,0500000US36039,16,0
3/31/2020,Hamilton,0500000US36041,2,0
3/31/2020,Herkimer,0500000US36043,12,2
3/31/2020,Jefferson,0500000US36045,12,0
3/31/2020,Lewis,0500000US36049,2,0
3/31/2020,Livingston,0500000US36051,13,0
3/31/2020,Madison,0500000US36053,41,0
3/31/2020,Monroe,0500000US36055,300,9
3/31/2020,Montgomery,0500000US36057,7,0
3/31/2020,Nassau,0500000US36059,8544,63
3/31/2020,New York City,0500000US36061,43139,1096
3/31/2020,Niagara,0500000US36063,42,0
3/31/2020,Oneida,0500000US36065,40,0
3/31/2020,Onondaga,0500000US36067,194,0
3/31/2020,Ontario,0500000US36069,22,0
3/31/2020,Orange,0500000US36071,1560,3
3/31/2020,Orleans,0500000US36073,6,0
3/31/2020,Oswego,0500000US36075,15,0
3/31/2020,Otsego,0500000US36077,18,0
3/31/2020,Putnam,0500000US36079,186,0
3/31/2020,Rensselaer,0500000US36083,55,0
3/31/2020,Rockland,0500000US36087,2863,8
3/31/2020,Saratoga,0500000US36091,108,1
3/31/2020,Schenectady,0500000US36093,85,0
3/31/2020,Schoharie,0500000US36095,6,0
3/31/2020,Schuyler,0500000US36097,2,0
3/31/2020,Seneca,0500000US36099,2,0
3/31/2020,St. Lawrence,0500000US36089,30,0
3/31/2020,Steuben,0500000US36101,24,0
3/31/2020,Suffolk,0500000US36103,6713,53
3/31/2020,Sullivan,0500000US36105,109,1
3/31/2020,Tioga,0500000US36107,7,0
3/31/2020,Tompkins,0500000US36109,66,0
3/31/2020,Ulster,0500000US36111,215,3
3/31/2020,Warren,0500000US36113,18,0
3/31/2020,Washington,0500000US36115,10,0
3/31/2020,Wayne,0500000US36117,19,0
3/31/2020,Westchester,0500000US36119,9967,25
3/31/2020,Wyoming,0500000US36121,9,1
4/1/2020,Albany,0500000US36001,240,2
4/1/2020,Allegany,0500000US36003,10,1
4/1/2020,Broome,0500000US36007,42,4
4/1/2020,Cattaraugus,0500000US36009,7,0
4/1/2020,Cayuga,0500000US36011,3,0
4/1/2020,Chautauqua,0500000US36013,10,1
4/1/2020,Chemung,0500000US36015,22,0
4/1/2020,Chenango,0500000US36017,26,0
4/1/2020,Clinton,0500000US36019,25,0
4/1/2020,Columbia,0500000US36021,41,1
4/1/2020,Cortland,0500000US36023,10,0
4/1/2020,Delaware,0500000US36025,20,0
4/1/2020,Dutchess,0500000US36027,547,5
4/1/2020,Erie,0500000US36029,553,12
4/1/2020,Essex,0500000US36031,6,0
4/1/2020,Franklin,0500000US36033,9,0
4/1/2020,Fulton,0500000US36035,2,0
4/1/2020,Genesee,0500000US36037,13,1
4/1/2020,Greene,0500000US36039,18,0
4/1/2020,Hamilton,0500000US36041,2,0
4/1/2020,Herkimer,0500000US36043,16,2
4/1/2020,Jefferson,0500000US36045,12,0
4/1/2020,Lewis,0500000US36049,2,0
4/1/2020,Livingston,0500000US36051,14,0
4/1/2020,Madison,0500000US36053,67,2
4/1/2020,Monroe,0500000US36055,349,9
4/1/2020,Montgomery,0500000US36057,7,0
4/1/2020,Nassau,0500000US36059,9555,76
4/1/2020,New York City,0500000US36061,47440,1374
4/1/2020,Niagara,0500000US36063,46,0
4/1/2020,Oneida,0500000US36065,50,1
4/1/2020,Onondaga,0500000US36067,249,1
4/1/2020,Ontario,0500000US36069,24,0
4/1/2020,Orange,0500000US36071,1756,25
4/1/2020,Orleans,0500000US36073,6,0
4/1/2020,Oswego,0500000US36075,17,2
4/1/2020,Otsego,0500000US36077,19,1
4/1/2020,Putnam,0500000US36079,207,0
4/1/2020,Rensselaer,0500000US36083,60,0
4/1/2020,Rockland,0500000US36087,3321,29
4/1/2020,Saratoga,0500000US36091,122,1
4/1/2020,Schenectady,0500000US36093,93,0
4/1/2020,Schoharie,0500000US36095,8,0
4/1/2020,Schuyler,0500000US36097,2,0
4/1/2020,Seneca,0500000US36099,2,0
4/1/2020,St. Lawrence,0500000US36089,34,0
4/1/2020,Steuben,0500000US36101,38,0
4/1/2020,Suffolk,0500000US36103,7605,69
4/1/2020,Sullivan,0500000US36105,121,4
4/1/2020,Tioga,0500000US36107,7,0
4/1/2020,Tompkins,0500000US36109,68,0
4/1/2020,Ulster,0500000US36111,222,3
4/1/2020,Warren,0500000US36113,18,0
4/1/2020,Washington,0500000US36115,10,0
4/1/2020,Wayne,0500000US36117,24,0
4/1/2020,Westchester,0500000US36119,10683,25
4/1/2020,Wyoming,0500000US36121,10,1
4/2/2020,Albany,0500000US36001,253,2
4/2/2020,Allegany,0500000US36003,12,1
4/2/2020,Broome,0500000US36007,46,4
4/2/2020,Cattaraugus,0500000US36009,8,0
4/2/2020,Cayuga,0500000US36011,6,0
4/2/2020,Chautauqua,0500000US36013,10,1
4/2/2020,Chemung,0500000US36015,22,0
4/2/2020,Chenango,0500000US36017,28,0
4/2/2020,Clinton,0500000US36019,25,0
4/2/2020,Columbia,0500000US36021,41,2
4/2/2020,Cortland,0500000US36023,10,0
4/2/2020,Delaware,0500000US36025,23,1
4/2/2020,Dutchess,0500000US36027,667,9
4/2/2020,Erie,0500000US36029,734,19
4/2/2020,Essex,0500000US36031,6,0
4/2/2020,Franklin,0500000US36033,9,0
4/2/2020,Fulton,0500000US36035,6,0
4/2/2020,Genesee,0500000US36037,17,1
4/2/2020,Greene,0500000US36039,21,0
4/2/2020,Hamilton,0500000US36041,2,0
4/2/2020,Herkimer,0500000US36043,16,2
4/2/2020,Jefferson,0500000US36045,15,0
4/2/2020,Lewis,0500000US36049,3,0
4/2/2020,Livingston,0500000US36051,18,1
4/2/2020,Madison,0500000US36053,77,2
4/2/2020,Monroe,0500000US36055,420,10
4/2/2020,Montgomery,0500000US36057,8,0
4/2/2020,Nassau,0500000US36059,10587,95
4/2/2020,New York City,0500000US36061,51810,1562
4/2/2020,Niagara,0500000US36063,91,0
4/2/2020,Oneida,0500000US36065,68,1
4/2/2020,Onondaga,0500000US36067,301,2
4/2/2020,Ontario,0500000US36069,31,0
4/2/2020,Orange,0500000US36071,2048,30
4/2/2020,Orleans,0500000US36073,6,0
4/2/2020,Oswego,0500000US36075,28,2
4/2/2020,Otsego,0500000US36077,21,1
4/2/2020,Putnam,0500000US36079,236,0
4/2/2020,Rensselaer,0500000US36083,67,1
4/2/2020,Rockland,0500000US36087,3751,42
4/2/2020,Saratoga,0500000US36091,132,1
4/2/2020,Schenectady,0500000US36093,101,5
4/2/2020,Schoharie,0500000US36095,8,0
4/2/2020,Schuyler,0500000US36097,3,0
4/2/2020,Seneca,0500000US36099,5,0
4/2/2020,St. Lawrence,0500000US36089,42,0
4/2/2020,Steuben,0500000US36101,49,1
4/2/2020,Suffolk,0500000US36103,8746,84
4/2/2020,Sullivan,0500000US36105,156,5
4/2/2020,Tioga,0500000US36107,8,0
4/2/2020,Tompkins,0500000US36109,87,0
4/2/2020,Ulster,0500000US36111,243,3
4/2/2020,Warren,0500000US36113,19,0
4/2/2020,Washington,0500000US36115,13,0
4/2/2020,Wayne,0500000US36117,27,0
4/2/2020,Westchester,0500000US36119,11566,67
4/2/2020,Wyoming,0500000US36121,15,1
4/2/2020,Yates,0500000US36123,2,0
4/3/2020,Albany,0500000US36001,267,4
4/3/2020,Allegany,0500000US36003,12,1
4/3/2020,Broome,0500000US36007,46,4
4/3/2020,Cattaraugus,0500000US36009,8,0
4/3/2020,Cayuga,0500000US36011,6,0
4/3/2020,Chautauqua,0500000US36013,10,1
4/3/2020,Chemung,0500000US36015,22,0
4/3/2020,Chenango,0500000US36017,28,0
4/3/2020,Clinton,0500000US36019,25,0
4/3/2020,Columbia,0500000US36021,41,2
4/3/2020,Cortland,0500000US36023,10,0
4/3/2020,Delaware,0500000US36025,23,1
4/3/2020,Dutchess,0500000US36027,809,9
4/3/2020,Erie,0500000US36029,802,22
4/3/2020,Essex,0500000US36031,6,0
4/3/2020,Franklin,0500000US36033,9,0
4/3/2020,Fulton,0500000US36035,6,0
4/3/2020,Genesee,0500000US36037,17,1
4/3/2020,Greene,0500000US36039,21,0
4/3/2020,Hamilton,0500000US36041,2,0
4/3/2020,Herkimer,0500000US36043,16,2
4/3/2020,Jefferson,0500000US36045,15,0
4/3/2020,Lewis,0500000US36049,3,0
4/3/2020,Livingston,0500000US36051,18,1
4/3/2020,Madison,0500000US36053,77,2
4/3/2020,Monroe,0500000US36055,464,14
4/3/2020,Montgomery,0500000US36057,8,0
4/3/2020,Nassau,0500000US36059,12024,138
4/3/2020,New York City,0500000US36061,57160,1867
4/3/2020,Niagara,0500000US36063,91,0
4/3/2020,Oneida,0500000US36065,68,1
4/3/2020,Onondaga,0500000US36067,301,2
4/3/2020,Ontario,0500000US36069,31,0
4/3/2020,Orange,0500000US36071,2397,30
4/3/2020,Orleans,0500000US36073,6,0
4/3/2020,Oswego,0500000US36075,28,2
4/3/2020,Otsego,0500000US36077,21,1
4/3/2020,Putnam,0500000US36079,236,0
4/3/2020,Rensselaer,0500000US36083,71,1
4/3/2020,Rockland,0500000US36087,4289,42
4/3/2020,Saratoga,0500000US36091,132,1
4/3/2020,Schenectady,0500000US36093,101,5
4/3/2020,Schoharie,0500000US36095,8,0
4/3/2020,Schuyler,0500000US36097,3,0
4/3/2020,Seneca,0500000US36099,5,0
4/3/2020,St. Lawrence,0500000US36089,42,0
4/3/2020,Steuben,0500000US36101,49,1
4/3/2020,Suffolk,0500000US36103,10154,96
4/3/2020,Sullivan,0500000US36105,156,5
4/3/2020,Tioga,0500000US36107,8,0
4/3/2020,Tompkins,0500000US36109,87,0
4/3/2020,Ulster,0500000US36111,243,3
4/3/2020,Unknown,0500000US,37,608
4/3/2020,Warren,0500000US36113,19,0
4/3/2020,Washington,0500000US36115,13,0
4/3/2020,Wayne,0500000US36117,27,0
4/3/2020,Westchester,0500000US36119,12350,67
4/3/2020,Wyoming,0500000US36121,15,1
4/3/2020,Yates,0500000US36123,2,0
4/4/2020,Albany,0500000US36001,293,6
4/4/2020,Allegany,0500000US36003,16,1
4/4/2020,Broome,0500000US36007,65,4
4/4/2020,Cattaraugus,0500000US36009,8,0
4/4/2020,Cayuga,0500000US36011,8,0
4/4/2020,Chautauqua,0500000US36013,12,0
4/4/2020,Chemung,0500000US36015,36,0
4/4/2020,Chenango,0500000US36017,39,0
4/4/2020,Clinton,0500000US36019,31,0
4/4/2020,Columbia,0500000US36021,61,3
4/4/2020,Cortland,0500000US36023,14,0
4/4/2020,Delaware,0500000US36025,30,1
4/4/2020,Dutchess,0500000US36027,938,11
4/4/2020,Erie,0500000US36029,945,26
4/4/2020,Essex,0500000US36031,7,0
4/4/2020,Franklin,0500000US36033,10,0
4/4/2020,Fulton,0500000US36035,9,0
4/4/2020,Genesee,0500000US36037,21,1
4/4/2020,Greene,0500000US36039,27,0
4/4/2020,Hamilton,0500000US36041,2,0
4/4/2020,Herkimer,0500000US36043,22,3
4/4/2020,Jefferson,0500000US36045,20,0
4/4/2020,Lewis,0500000US36049,5,0
4/4/2020,Livingston,0500000US36051,18,1
4/4/2020,Madison,0500000US36053,77,2
4/4/2020,Monroe,0500000US36055,512,17
4/4/2020,Montgomery,0500000US36057,13,1
4/4/2020,Nassau,0500000US36059,13346,396
4/4/2020,New York City,0500000US36061,63307,2254
4/4/2020,Niagara,0500000US36063,103,0
4/4/2020,Oneida,0500000US36065,80,2
4/4/2020,Onondaga,0500000US36067,349,4
4/4/2020,Ontario,0500000US36069,35,0
4/4/2020,Orange,0500000US36071,2741,51
4/4/2020,Orleans,0500000US36073,10,0
4/4/2020,Oswego,0500000US36075,30,2
4/4/2020,Otsego,0500000US36077,26,2
4/4/2020,Putnam,0500000US36079,283,9
4/4/2020,Rensselaer,0500000US36083,73,1
4/4/2020,Rockland,0500000US36087,4872,69
4/4/2020,Saratoga,0500000US36091,141,1
4/4/2020,Schenectady,0500000US36093,117,6
4/4/2020,Schoharie,0500000US36095,11,0
4/4/2020,Schuyler,0500000US36097,4,0
4/4/2020,Seneca,0500000US36099,6,0
4/4/2020,St. Lawrence,0500000US36089,58,0
4/4/2020,Steuben,0500000US36101,64,1
4/4/2020,Suffolk,0500000US36103,12328,175
4/4/2020,Sullivan,0500000US36105,193,5
4/4/2020,Tioga,0500000US36107,8,0
4/4/2020,Tompkins,0500000US36109,87,0
4/4/2020,Ulster,0500000US36111,318,4
4/4/2020,Unknown,0500000US,0,309
4/4/2020,Warren,0500000US36113,20,1
4/4/2020,Washington,0500000US36115,17,1
4/4/2020,Wayne,0500000US36117,30,0
4/4/2020,Westchester,0500000US36119,13080,197
4/4/2020,Wyoming,0500000US36121,18,1
4/4/2020,Yates,0500000US36123,2,0
4/5/2020,Albany,0500000US36001,305,8
4/5/2020,Allegany,0500000US36003,16,1
4/5/2020,Broome,0500000US36007,71,4
4/5/2020,Cattaraugus,0500000US36009,10,0
4/5/2020,Cayuga,0500000US36011,8,0
4/5/2020,Chautauqua,0500000US36013,12,0
4/5/2020,Chemung,0500000US36015,38,0
4/5/2020,Chenango,0500000US36017,43,0
4/5/2020,Clinton,0500000US36019,33,0
4/5/2020,Columbia,0500000US36021,61,3
4/5/2020,Cortland,0500000US36023,14,0
4/5/2020,Delaware,0500000US36025,30,1
4/5/2020,Dutchess,0500000US36027,1077,11
4/5/2020,Erie,0500000US36029,1059,27
4/5/2020,Essex,0500000US36031,7,0
4/5/2020,Franklin,0500000US36033,10,0
4/5/2020,Fulton,0500000US36035,9,0
4/5/2020,Genesee,0500000US36037,22,1
4/5/2020,Greene,0500000US36039,27,0
4/5/2020,Hamilton,0500000US36041,2,0
4/5/2020,Herkimer,0500000US36043,22,3
4/5/2020,Jefferson,0500000US36045,26,0
4/5/2020,Lewis,0500000US36049,8,0
4/5/2020,Livingston,0500000US36051,19,1
4/5/2020,Madison,0500000US36053,89,2
4/5/2020,Monroe,0500000US36055,548,19
4/5/2020,Montgomery,0500000US36057,15,1
4/5/2020,Nassau,0500000US36059,14398,396
4/5/2020,New York City,0500000US36061,67552,2472
4/5/2020,Niagara,0500000US36063,116,0
4/5/2020,Oneida,0500000US36065,87,2
4/5/2020,Onondaga,0500000US36067,349,4
4/5/2020,Ontario,0500000US36069,35,0
4/5/2020,Orange,0500000US36071,3102,51
4/5/2020,Orleans,0500000US36073,11,0
4/5/2020,Oswego,0500000US36075,30,2
4/5/2020,Otsego,0500000US36077,29,2
4/5/2020,Putnam,0500000US36079,314,9
4/5/2020,Rensselaer,0500000US36083,74,1
4/5/2020,Rockland,0500000US36087,5362,69
4/5/2020,Saratoga,0500000US36091,148,1
4/5/2020,Schenectady,0500000US36093,128,7
4/5/2020,Schoharie,0500000US36095,11,0
4/5/2020,Schuyler,0500000US36097,4,0
4/5/2020,Seneca,0500000US36099,9,0
4/5/2020,St. Lawrence,0500000US36089,58,0
4/5/2020,Steuben,0500000US36101,64,1
4/5/2020,Suffolk,0500000US36103,12933,175
4/5/2020,Sullivan,0500000US36105,234,5
4/5/2020,Tioga,0500000US36107,8,0
4/5/2020,Tompkins,0500000US36109,95,0
4/5/2020,Ulster,0500000US36111,358,4
4/5/2020,Unknown,0500000US,0,678
4/5/2020,Warren,0500000US36113,25,1
4/5/2020,Washington,0500000US36115,18,1
4/5/2020,Wayne,0500000US36117,32,0
4/5/2020,Westchester,0500000US36119,13722,197
4/5/2020,Wyoming,0500000US36121,22,1
4/5/2020,Yates,0500000US36123,2,0
4/6/2020,Albany,0500000US36001,319,9
4/6/2020,Allegany,0500000US36003,17,1
4/6/2020,Broome,0500000US36007,76,5
4/6/2020,Cattaraugus,0500000US36009,15,0
4/6/2020,Cayuga,0500000US36011,11,1
4/6/2020,Chautauqua,0500000US36013,15,0
4/6/2020,Chemung,0500000US36015,47,0
4/6/2020,Chenango,0500000US36017,46,0
4/6/2020,Clinton,0500000US36019,36,0
4/6/2020,Columbia,0500000US36021,70,3
4/6/2020,Cortland,0500000US36023,15,0
4/6/2020,Delaware,0500000US36025,32,1
4/6/2020,Dutchess,0500000US36027,1189,12
4/6/2020,Erie,0500000US36029,1163,30
4/6/2020,Essex,0500000US36031,7,0
4/6/2020,Franklin,0500000US36033,10,0
4/6/2020,Fulton,0500000US36035,9,0
4/6/2020,Genesee,0500000US36037,23,1
4/6/2020,Greene,0500000US36039,27,0
4/6/2020,Hamilton,0500000US36041,2,0
4/6/2020,Herkimer,0500000US36043,25,3
4/6/2020,Jefferson,0500000US36045,33,0
4/6/2020,Lewis,0500000US36049,8,0
4/6/2020,Livingston,0500000US36051,26,1
4/6/2020,Madison,0500000US36053,92,2
4/6/2020,Monroe,0500000US36055,574,23
4/6/2020,Montgomery,0500000US36057,15,1
4/6/2020,Nassau,0500000US36059,15616,535
4/6/2020,New York City,0500000US36061,68776,3485
4/6/2020,Niagara,0500000US36063,130,0
4/6/2020,Oneida,0500000US36065,100,2
4/6/2020,Onondaga,0500000US36067,377,6
4/6/2020,Ontario,0500000US36069,39,0
4/6/2020,Orange,0500000US36071,3397,47
4/6/2020,Orleans,0500000US36073,13,0
4/6/2020,Oswego,0500000US36075,33,2
4/6/2020,Otsego,0500000US36077,34,2
4/6/2020,Putnam,0500000US36079,345,12
4/6/2020,Rensselaer,0500000US36083,78,1
4/6/2020,Rockland,0500000US36087,5703,76
4/6/2020,Saratoga,0500000US36091,153,1
4/6/2020,Schenectady,0500000US36093,138,7
4/6/2020,Schoharie,0500000US36095,11,0
4/6/2020,Schuyler,0500000US36097,4,0
4/6/2020,Seneca,0500000US36099,9,0
4/6/2020,St. Lawrence,0500000US36089,63,0
4/6/2020,Steuben,0500000US36101,73,4
4/6/2020,Suffolk,0500000US36103,14473,237
4/6/2020,Sullivan,0500000US36105,259,7
4/6/2020,Tioga,0500000US36107,9,0
4/6/2020,Tompkins,0500000US36109,98,0
4/6/2020,Ulster,0500000US36111,382,4
4/6/2020,Unknown,0500000US,2091,728
4/6/2020,Warren,0500000US36113,26,1
4/6/2020,Washington,0500000US36115,19,1
4/6/2020,Wayne,0500000US36117,34,0
4/6/2020,Westchester,0500000US36119,14293,253
4/6/2020,Wyoming,0500000US36121,23,1
4/6/2020,Yates,0500000US36123,2,0
4/7/2020,Albany,0500000US36001,333,9
4/7/2020,Allegany,0500000US36003,17,1
4/7/2020,Broome,0500000US36007,86,5
4/7/2020,Cattaraugus,0500000US36009,13,0
4/7/2020,Cayuga,0500000US36011,14,1
4/7/2020,Chautauqua,0500000US36013,16,0
4/7/2020,Chemung,0500000US36015,49,0
4/7/2020,Chenango,0500000US36017,51,0
4/7/2020,Clinton,0500000US36019,37,0
4/7/2020,Columbia,0500000US36021,72,3
4/7/2020,Cortland,0500000US36023,16,0
4/7/2020,Delaware,0500000US36025,36,1
4/7/2020,Dutchess,0500000US36027,1249,15
4/7/2020,Erie,0500000US36029,1163,36
4/7/2020,Essex,0500000US36031,7,0
4/7/2020,Franklin,0500000US36033,10,0
4/7/2020,Fulton,0500000US36035,13,0
4/7/2020,Genesee,0500000US36037,33,1
4/7/2020,Greene,0500000US36039,24,0
4/7/2020,Hamilton,0500000US36041,2,0
4/7/2020,Herkimer,0500000US36043,32,3
4/7/2020,Jefferson,0500000US36045,39,0
4/7/2020,Lewis,0500000US36049,8,0
4/7/2020,Livingston,0500000US36051,28,1
4/7/2020,Madison,0500000US36053,92,2
4/7/2020,Monroe,0500000US36055,596,31
4/7/2020,Montgomery,0500000US36057,18,1
4/7/2020,Nassau,0500000US36059,16610,620
4/7/2020,New York City,0500000US36061,76876,4009
4/7/2020,Niagara,0500000US36063,143,0
4/7/2020,Oneida,0500000US36065,118,2
4/7/2020,Onondaga,0500000US36067,377,7
4/7/2020,Ontario,0500000US36069,39,0
4/7/2020,Orange,0500000US36071,3599,76
4/7/2020,Orleans,0500000US36073,15,0
4/7/2020,Oswego,0500000US36075,34,2
4/7/2020,Otsego,0500000US36077,34,2
4/7/2020,Putnam,0500000US36079,366,13
4/7/2020,Rensselaer,0500000US36083,91,3
4/7/2020,Rockland,0500000US36087,5990,119
4/7/2020,Saratoga,0500000US36091,163,3
4/7/2020,Schenectady,0500000US36093,145,8
4/7/2020,Schoharie,0500000US36095,12,0
4/7/2020,Schuyler,0500000US36097,4,0
4/7/2020,Seneca,0500000US36099,10,0
4/7/2020,St. Lawrence,0500000US36089,63,0
4/7/2020,Steuben,0500000US36101,79,4
4/7/2020,Suffolk,0500000US36103,15561,266
4/7/2020,Sullivan,0500000US36105,270,7
4/7/2020,Tioga,0500000US36107,10,0
4/7/2020,Tompkins,0500000US36109,102,0
4/7/2020,Ulster,0500000US36111,402,5
4/7/2020,Warren,0500000US36113,31,1
4/7/2020,Washington,0500000US36115,19,1
4/7/2020,Wayne,0500000US36117,35,0
4/7/2020,Westchester,0500000US36119,14804,304
4/7/2020,Wyoming,0500000US36121,23,1
4/7/2020,Yates,0500000US36123,2,0
4/8/2020,Albany,0500000US36001,342,10
4/8/2020,Allegany,0500000US36003,21,0
4/8/2020,Broome,0500000US36007,88,6
4/8/2020,Cattaraugus,0500000US36009,15,0
4/8/2020,Cayuga,0500000US36011,15,1
4/8/2020,Chautauqua,0500000US36013,17,1
4/8/2020,Chemung,0500000US36015,55,1
4/8/2020,Chenango,0500000US36017,53,0
4/8/2020,Clinton,0500000US36019,39,0
4/8/2020,Columbia,0500000US36021,72,4
4/8/2020,Cortland,0500000US36023,16,0
4/8/2020,Delaware,0500000US36025,37,0
4/8/2020,Dutchess,0500000US36027,1395,16
4/8/2020,Erie,0500000US36029,1205,38
4/8/2020,Essex,0500000US36031,7,0
4/8/2020,Franklin,0500000US36033,10,0
4/8/2020,Fulton,0500000US36035,14,0
4/8/2020,Genesee,0500000US36037,47,0
4/8/2020,Greene,0500000US36039,25,0
4/8/2020,Hamilton,0500000US36041,2,0
4/8/2020,Herkimer,0500000US36043,32,1
4/8/2020,Jefferson,0500000US36045,40,0
4/8/2020,Lewis,0500000US36049,8,0
4/8/2020,Livingston,0500000US36051,28,0
4/8/2020,Madison,0500000US36053,92,1
4/8/2020,Monroe,0500000US36055,651,27
4/8/2020,Montgomery,0500000US36057,18,1
4/8/2020,Nassau,0500000US36059,18548,701
4/8/2020,New York City,0500000US36061,81803,4571
4/8/2020,Niagara,0500000US36063,143,0
4/8/2020,Oneida,0500000US36065,125,2
4/8/2020,Onondaga,0500000US36067,377,9
4/8/2020,Ontario,0500000US36069,39,0
4/8/2020,Orange,0500000US36071,3865,68
4/8/2020,Orleans,0500000US36073,16,0
4/8/2020,Oswego,0500000US36075,34,0
4/8/2020,Otsego,0500000US36077,38,2
4/8/2020,Putnam,0500000US36079,403,15
4/8/2020,Rensselaer,0500000US36083,91,1
4/8/2020,Rockland,0500000US36087,6413,98
4/8/2020,Saratoga,0500000US36091,167,1
4/8/2020,Schenectady,0500000US36093,149,9
4/8/2020,Schoharie,0500000US36095,12,0
4/8/2020,Schuyler,0500000US36097,4,0
4/8/2020,Seneca,0500000US36099,12,0
4/8/2020,St. Lawrence,0500000US36089,69,0
4/8/2020,Steuben,0500000US36101,82,3
4/8/2020,Suffolk,0500000US36103,15844,328
4/8/2020,Sullivan,0500000US36105,279,7
4/8/2020,Tioga,0500000US36107,12,0
4/8/2020,Tompkins,0500000US36109,102,0
4/8/2020,Ulster,0500000US36111,422,2
4/8/2020,Warren,0500000US36113,33,1
4/8/2020,Washington,0500000US36115,20,0
4/8/2020,Wayne,0500000US36117,39,0
4/8/2020,Westchester,0500000US36119,15887,343
4/8/2020,Wyoming,0500000US36121,27,0
4/8/2020,Yates,0500000US36123,2,0
4/9/2020,Albany,0500000US36001,379,12
4/9/2020,Allegany,0500000US36003,22,0
4/9/2020,Broome,0500000US36007,105,6
4/9/2020,Cattaraugus,0500000US36009,17,0
4/9/2020,Cayuga,0500000US36011,16,1
4/9/2020,Chautauqua,0500000US36013,18,1
4/9/2020,Chemung,0500000US36015,59,2
4/9/2020,Chenango,0500000US36017,55,0
4/9/2020,Clinton,0500000US36019,40,0
4/9/2020,Columbia,0500000US36021,70,4
4/9/2020,Cortland,0500000US36023,16,0
4/9/2020,Delaware,0500000US36025,37,0
4/9/2020,Dutchess,0500000US36027,1493,21
4/9/2020,Erie,0500000US36029,1362,46
4/9/2020,Essex,0500000US36031,8,0
4/9/2020,Franklin,0500000US36033,11,0
4/9/2020,Fulton,0500000US36035,15,0
4/9/2020,Genesee,0500000US36037,56,0
4/9/2020,Greene,0500000US36039,28,0
4/9/2020,Hamilton,0500000US36041,3,0
4/9/2020,Herkimer,0500000US36043,32,1
4/9/2020,Jefferson,0500000US36045,42,0
4/9/2020,Lewis,0500000US36049,6,0
4/9/2020,Livingston,0500000US36051,26,1
4/9/2020,Madison,0500000US36053,91,1
4/9/2020,Monroe,0500000US36055,698,31
4/9/2020,Montgomery,0500000US36057,28,1
4/9/2020,Nassau,0500000US36059,20140,778
4/9/2020,New York City,0500000US36061,87028,5150
4/9/2020,Niagara,0500000US36063,146,0
4/9/2020,Oneida,0500000US36065,158,2
4/9/2020,Onondaga,0500000US36067,358,10
4/9/2020,Ontario,0500000US36069,43,0
4/9/2020,Orange,0500000US36071,4090,79
4/9/2020,Orleans,0500000US36073,22,0
4/9/2020,Oswego,0500000US36075,36,0
4/9/2020,Otsego,0500000US36077,39,2
4/9/2020,Putnam,0500000US36079,438,16
4/9/2020,Rensselaer,0500000US36083,79,3
4/9/2020,Rockland,0500000US36087,6665,117
4/9/2020,Saratoga,0500000US36091,172,1
4/9/2020,Schenectady,0500000US36093,167,9
4/9/2020,Schoharie,0500000US36095,12,0
4/9/2020,Schuyler,0500000US36097,4,0
4/9/2020,Seneca,0500000US36099,15,0
4/9/2020,St. Lawrence,0500000US36089,76,1
4/9/2020,Steuben,0500000US36101,89,3
4/9/2020,Suffolk,0500000US36103,17413,369
4/9/2020,Sullivan,0500000US36105,294,7
4/9/2020,Tioga,0500000US36107,17,0
4/9/2020,Tompkins,0500000US36109,105,0
4/9/2020,Ulster,0500000US36111,460,2
4/9/2020,Warren,0500000US36113,40,1
4/9/2020,Washington,0500000US36115,25,0
4/9/2020,Wayne,0500000US36117,39,0
4/9/2020,Westchester,0500000US36119,17004,389
4/9/2020,Wyoming,0500000US36121,29,0
4/9/2020,Yates,0500000US36123,1,0
4/10/2020,Albany,0500000US36001,426,14
4/10/2020,Allegany,0500000US36003,26,0
4/10/2020,Broome,0500000US36007,112,6
4/10/2020,Cattaraugus,0500000US36009,18,0
4/10/2020,Cayuga,0500000US36011,27,1
4/10/2020,Chautauqua,0500000US36013,20,1
4/10/2020,Chemung,0500000US36015,59,2
4/10/2020,Chenango,0500000US36017,60,0
4/10/2020,Clinton,0500000US36019,43,0
4/10/2020,Columbia,0500000US36021,74,4
4/10/2020,Cortland,0500000US36023,17,0
4/10/2020,Delaware,0500000US36025,39,0
4/10/2020,Dutchess,0500000US36027,1598,25
4/10/2020,Erie,0500000US36029,1409,58
4/10/2020,Essex,0500000US36031,10,0
4/10/2020,Franklin,0500000US36033,11,0
4/10/2020,Fulton,0500000US36035,18,0
4/10/2020,Genesee,0500000US36037,65,0
4/10/2020,Greene,0500000US36039,34,0
4/10/2020,Hamilton,0500000US36041,3,0
4/10/2020,Herkimer,0500000US36043,36,1
4/10/2020,Jefferson,0500000US36045,43,0
4/10/2020,Lewis,0500000US36049,6,0
4/10/2020,Livingston,0500000US36051,29,1
4/10/2020,Madison,0500000US36053,99,1
4/10/2020,Monroe,0500000US36055,742,35
4/10/2020,Montgomery,0500000US36057,29,1
4/10/2020,Nassau,0500000US36059,21512,890
4/10/2020,New York City,0500000US36061,92384,5663
4/10/2020,Niagara,0500000US36063,156,1
4/10/2020,Oneida,0500000US36065,172,2
4/10/2020,Onondaga,0500000US36067,369,11
4/10/2020,Ontario,0500000US36069,51,0
4/10/2020,Orange,0500000US36071,4532,91
4/10/2020,Orleans,0500000US36073,24,0
4/10/2020,Oswego,0500000US36075,36,0
4/10/2020,Otsego,0500000US36077,41,2
4/10/2020,Putnam,0500000US36079,487,18
4/10/2020,Rensselaer,0500000US36083,91,4
4/10/2020,Rockland,0500000US36087,7122,135
4/10/2020,Saratoga,0500000US36091,182,1
4/10/2020,Schenectady,0500000US36093,191,9
4/10/2020,Schoharie,0500000US36095,12,0
4/10/2020,Schuyler,0500000US36097,5,0
4/10/2020,Seneca,0500000US36099,15,0
4/10/2020,St. Lawrence,0500000US36089,78,1
4/10/2020,Steuben,0500000US36101,117,3
4/10/2020,Suffolk,0500000US36103,18692,425
4/10/2020,Sullivan,0500000US36105,318,7
4/10/2020,Tioga,0500000US36107,18,0
4/10/2020,Tompkins,0500000US36109,105,0
4/10/2020,Ulster,0500000US36111,530,2
4/10/2020,Warren,0500000US36113,43,1
4/10/2020,Washington,0500000US36115,26,0
4/10/2020,Wayne,0500000US36117,41,0
4/10/2020,Westchester,0500000US36119,18077,428
4/10/2020,Wyoming,0500000US36121,30,0
4/10/2020,Yates,0500000US36123,2,0
4/11/2020,Albany,0500000US36001,446,16
4/11/2020,Allegany,0500000US36003,26,0
4/11/2020,Broome,0500000US36007,117,6
4/11/2020,Cattaraugus,0500000US36009,19,0
4/11/2020,Cayuga,0500000US36011,28,1
4/11/2020,Chautauqua,0500000US36013,21,1
4/11/2020,Chemung,0500000US36015,60,2
4/11/2020,Chenango,0500000US36017,61,0
4/11/2020,Clinton,0500000US36019,43,0
4/11/2020,Columbia,0500000US36021,77,6
4/11/2020,Cortland,0500000US36023,17,0
4/11/2020,Delaware,0500000US36025,39,0
4/11/2020,Dutchess,0500000US36027,1744,27
4/11/2020,Erie,0500000US36029,1472,62
4/11/2020,Essex,0500000US36031,12,0
4/11/2020,Franklin,0500000US36033,11,0
4/11/2020,Fulton,0500000US36035,21,0
4/11/2020,Genesee,0500000US36037,67,0
4/11/2020,Greene,0500000US36039,37,0
4/11/2020,Hamilton,0500000US36041,3,0
4/11/2020,Herkimer,0500000US36043,37,1
4/11/2020,Jefferson,0500000US36045,44,0
4/11/2020,Lewis,0500000US36049,6,0
4/11/2020,Livingston,0500000US36051,30,1
4/11/2020,Madison,0500000US36053,99,1
4/11/2020,Monroe,0500000US36055,767,42
4/11/2020,Montgomery,0500000US36057,29,1
4/11/2020,Nassau,0500000US36059,22584,965
4/11/2020,New York City,0500000US36061,98308,6202
4/11/2020,Niagara,0500000US36063,167,2
4/11/2020,Oneida,0500000US36065,181,2
4/11/2020,Onondaga,0500000US36067,380,12
4/11/2020,Ontario,0500000US36069,56,0
4/11/2020,Orange,0500000US36071,4847,99
4/11/2020,Orleans,0500000US36073,24,0
4/11/2020,Oswego,0500000US36075,37,0
4/11/2020,Otsego,0500000US36077,43,2
4/11/2020,Putnam,0500000US36079,494,20
4/11/2020,Rensselaer,0500000US36083,96,4
4/11/2020,Rockland,0500000US36087,7477,153
4/11/2020,Saratoga,0500000US36091,187,1
4/11/2020,Schenectady,0500000US36093,194,10
4/11/2020,Schoharie,0500000US36095,12,0
4/11/2020,Schuyler,0500000US36097,5,0
4/11/2020,Seneca,0500000US36099,16,0
4/11/2020,St. Lawrence,0500000US36089,80,1
4/11/2020,Steuben,0500000US36101,119,3
4/11/2020,Suffolk,0500000US36103,19883,469
4/11/2020,Sullivan,0500000US36105,340,7
4/11/2020,Tioga,0500000US36107,19,0
4/11/2020,Tompkins,0500000US36109,108,0
4/11/2020,Ulster,0500000US36111,589,2
4/11/2020,Warren,0500000US36113,44,1
4/11/2020,Washington,0500000US36115,31,0
4/11/2020,Wayne,0500000US36117,42,0
4/11/2020,Westchester,0500000US36119,18729,505
4/11/2020,Wyoming,0500000US36121,31,0
4/11/2020,Yates,0500000US36123,2,0
4/12/2020,Albany,0500000US36001,478,16
4/12/2020,Allegany,0500000US36003,26,0
4/12/2020,Broome,0500000US36007,126,6
4/12/2020,Cattaraugus,0500000US36009,28,0
4/12/2020,Cayuga,0500000US36011,29,1
4/12/2020,Chautauqua,0500000US36013,22,1
4/12/2020,Chemung,0500000US36015,60,2
4/12/2020,Chenango,0500000US36017,63,0
4/12/2020,Clinton,0500000US36019,43,2
4/12/2020,Columbia,0500000US36021,79,8
4/12/2020,Cortland,0500000US36023,18,0
4/12/2020,Delaware,0500000US36025,39,0
4/12/2020,Dutchess,0500000US36027,1838,30
4/12/2020,Erie,0500000US36029,1571,75
4/12/2020,Essex,0500000US36031,12,0
4/12/2020,Franklin,0500000US36033,12,0
4/12/2020,Fulton,0500000US36035,21,0
4/12/2020,Genesee,0500000US36037,69,0
4/12/2020,Greene,0500000US36039,44,0
4/12/2020,Hamilton,0500000US36041,3,0
4/12/2020,Herkimer,0500000US36043,37,1
4/12/2020,Jefferson,0500000US36045,46,0
4/12/2020,Lewis,0500000US36049,6,0
4/12/2020,Livingston,0500000US36051,30,1
4/12/2020,Madison,0500000US36053,101,1
4/12/2020,Monroe,0500000US36055,798,42
4/12/2020,Montgomery,0500000US36057,29,1
4/12/2020,Nassau,0500000US36059,23553,1030
4/12/2020,New York City,0500000US36061,103208,6717
4/12/2020,Niagara,0500000US36063,183,5
4/12/2020,Oneida,0500000US36065,195,2
4/12/2020,Onondaga,0500000US36067,397,13
4/12/2020,Ontario,0500000US36069,57,1
4/12/2020,Orange,0500000US36071,5027,112
4/12/2020,Orleans,0500000US36073,25,0
4/12/2020,Oswego,0500000US36075,38,0
4/12/2020,Otsego,0500000US36077,43,2
4/12/2020,Putnam,0500000US36079,497,23
4/12/2020,Rensselaer,0500000US36083,105,6
4/12/2020,Rockland,0500000US36087,7721,166
4/12/2020,Saratoga,0500000US36091,196,1
4/12/2020,Schenectady,0500000US36093,199,12
4/12/2020,Schoharie,0500000US36095,12,0
4/12/2020,Schuyler,0500000US36097,5,0
4/12/2020,Seneca,0500000US36099,16,0
4/12/2020,St. Lawrence,0500000US36089,85,1
4/12/2020,Steuben,0500000US36101,121,4
4/12/2020,Suffolk,0500000US36103,20816,529
4/12/2020,Sullivan,0500000US36105,358,7
4/12/2020,Tioga,0500000US36107,19,0
4/12/2020,Tompkins,0500000US36109,109,2
4/12/2020,Ulster,0500000US36111,612,2
4/12/2020,Warren,0500000US36113,46,1
4/12/2020,Washington,0500000US36115,34,0
4/12/2020,Wayne,0500000US36117,42,0
4/12/2020,Westchester,0500000US36119,19313,562
4/12/2020,Wyoming,0500000US36121,31,0
4/12/2020,Yates,0500000US36123,3,0
